{
    " liberal_percent": {
        "Brisbane": null,
        "Canberra": 26.7562790698,
        "Melbourne": 17.9462790698,
        "Sydney": 24.196
    },
    " liberal_swing": {
        "Brisbane": null,
        "Canberra": -5.9279069767,
        "Melbourne": -4.4746511628,
        "Sydney": -5.0290909091
    }
}