{
    "Greater Brisbane": {
        " yth_unemp_rt_15_24": -0.8505135869651963,
        " mpy_rt_15_64": -1.0562088582924798,
        " unemp_rt_15": -1.039917066453215,
        " ptic_rt_15": -0.37793464519370157
    },
    "Greater Melbourne": {
        " yth_unemp_rt_15_24": -0.6100346286565922,
        " mpy_rt_15_64": -0.5798859876731939,
        " unemp_rt_15": -0.4155711823579794,
        " ptic_rt_15": 0.11669241636228798
    },
    "Greater Sydney": {
        " yth_unemp_rt_15_24": 0.0830168772026075,
        " mpy_rt_15_64": 0.4942018452246932,
        " unemp_rt_15": 0.14180467954837003,
        " ptic_rt_15": 1.3158266942337078
    },
    "Australian Capital Territory": {
        " yth_unemp_rt_15_24": 1.3775313384191799,
        " mpy_rt_15_64": 1.1418930007410013,
        " unemp_rt_15": 1.3136835692628248,
        " ptic_rt_15": -1.05458446540229
    }
}